7501670545881485312	recruitment
7503437100642553856	product-news
7504208888662036480	event
7470395096195289089	exploration
7470768277393383425	exploration
7472949077387825152	problem
7473634430314565632	validation
7473698604898025472	recruitment
7473699982655664129	event
7474779662255181824	event
7475087791169785856	validation
7475154208657256448	exploration
7475830601002962944	exploration
7475853943428808704	culture
7476182496372781056	validation
7477254634097635330	exploration
7477269652721659904	validation
7477330334955655169	exploration
7477989959346614272	culture
7478400657490706433	culture
7479806369563406336	exploration
7480531204572790784	validation
7480567813573767168	problem
7480883821119242241	exploration
7482382071508819969	event
7482744895846158336	exploration
7483084520120803328	exploration
7483430277453824000	validation
7485955784326037504	exploration
7485980637380685825	exploration
7487778988770222080	culture
7487827723663347712	validation
7488901203142193152	selection
7490745817088192512	validation
7491051288760049666	exploration
7491438608898375682	culture
7492513750814736386	exploration
7493240962052276225	exploration
7493639827901382656	exploration
7495030965774352384	exploration
7495419800463052800	exploration
7495765984255954944	csr
7496090965775122432	exploration
7498302072916910081	exploration
7499091522110418944	event
7500105716125470720	event
7500458686985764864	exploration
7500824865919184896	exploration
7500860315283369984	selection
7500893295795953664	exploration
7501211521528606720	exploration
7501550125123788800	exploration
7504124433784143873	validation
7460703788723589120	problem
7461059601598287873	culture
7462487324287987713	product-news
7462878639781462016	event
7463671413389041665	exploration
7465115013951967232	product-news
7465467702929969152	exploration
7466134598880632832	event
7467609837368057856	exploration
7467953311711887361	event
7468697347074715648	event
7470137855336611840	selection
7470541171241607170	selection
7470857334471340032	exploration
7472673684353286144	selection
7472973844669104128	exploration
7474874854647869440	requirements
